<elements>
  <namespace ns="Robotics.Messaging">
    <summary>To be added.</summary>
    <remarks>To be added.</remarks>
  </namespace>
  <namespace ns="Robotics.Micro.Devices">
    <summary>To be added.</summary>
    <remarks>To be added.</remarks>
  </namespace>
  <namespace ns="Robotics.Micro.Generators">
    <summary>To be added.</summary>
    <remarks>To be added.</remarks>
  </namespace>
  <namespace ns="Robotics.Micro.Motors">
    <summary>To be added.</summary>
    <remarks>To be added.</remarks>
  </namespace>
  <namespace ns="Robotics.Micro.Sensors.Buttons">
    <summary>To be added.</summary>
    <remarks>To be added.</remarks>
  </namespace>
  <namespace ns="Robotics.Micro.Sensors.Light">
    <summary>To be added.</summary>
    <remarks>To be added.</remarks>
  </namespace>
  <namespace ns="Robotics.Micro.Sensors.Location">
    <summary>To be added.</summary>
    <remarks>To be added.</remarks>
  </namespace>
  <namespace ns="Robotics.Micro.Sensors.Motion">
    <summary>To be added.</summary>
    <remarks>To be added.</remarks>
  </namespace>
  <namespace ns="Robotics.Micro.Sensors.Proximity">
    <summary>To be added.</summary>
    <remarks>To be added.</remarks>
  </namespace>
  <namespace ns="Robotics.Micro.Sensors.Temperature">
    <summary>To be added.</summary>
    <remarks>To be added.</remarks>
  </namespace>
  <namespace ns="Robotics.Micro.SpecializedBlocks">
    <summary>To be added.</summary>
    <remarks>To be added.</remarks>
  </namespace>
  <namespace ns="Robotics.Micro">
    <summary>To be added.</summary>
    <remarks>To be added.</remarks>
  </namespace>
  <namespace ns="Robotics.Mobile.Core.Bluetooth.LE">
    <summary>To be added.</summary>
    <remarks>To be added.</remarks>
  </namespace>
  <namespace ns="Robotics.Mobile.Core.Utils">
    <summary>To be added.</summary>
    <remarks>To be added.</remarks>
  </namespace>
</elements>