<elements>
  <namespace ns="Robotics.Messaging">
    <summary>High-level Messaging framework for communicating between Xamarin Mobile apps and .NET Microframework devices via Bluetooth LE, USB, or WiFi.</summary>
    <remarks>To be added.</remarks>
  </namespace>
  <namespace ns="Robotics.Micro.Devices">
    <summary>Contains classes to support various .NET Microframework (MF) hardware such as the Netduino. Allows strongly-typed access to device-specific hardware.</summary>
    <remarks>To be added.</remarks>
  </namespace>
  <namespace ns="Robotics.Micro.Generators">
    <summary>Contains various software signal generators to create things like Sinewaves, Pulse-width-modulation, etc.</summary>
    <remarks>To be added.</remarks>
  </namespace>
  <namespace ns="Robotics.Micro.Motors">
    <summary>Contains classes to manage various motors and accessories such H-bridges, Motor Shields, and DC Motors.</summary>
    <remarks>To be added.</remarks>
  </namespace>
  <namespace ns="Robotics.Micro.Sensors.Buttons">
    <summary>Contains classes that represent various buttons, such as Push Buttons, etc.</summary>
    <remarks>To be added.</remarks>
  </namespace>
  <namespace ns="Robotics.Micro.Sensors.Light">
    <summary>Contains various classes to support various light sensors.</summary>
    <remarks>To be added.</remarks>
  </namespace>
  <namespace ns="Robotics.Micro.Sensors.Location">
    <summary>Contains classes that support various location sensors such as GPS and compasses.</summary>
    <remarks>To be added.</remarks>
  </namespace>
  <namespace ns="Robotics.Micro.Sensors.Motion">
    <summary>Contains classes that support location motion sensors such as accelerometers.</summary>
    <remarks>To be added.</remarks>
  </namespace>
  <namespace ns="Robotics.Micro.Sensors.Proximity">
    <summary>Contains classes that support various proximity sensors such as infrarred (IR) range finders.</summary>
    <remarks>To be added.</remarks>
  </namespace>
  <namespace ns="Robotics.Micro.Sensors.Temperature">
    <summary>Contains classes that support various temperature sensors.</summary>
    <remarks>To be added.</remarks>
  </namespace>
  <namespace ns="Robotics.Micro.SpecializedBlocks">
    <summary>Contains specialized block classes that support conversions, transformations, etc.</summary>
    <remarks>To be added.</remarks>
  </namespace>
  <namespace ns="Robotics.Micro">
    <summary>The core Robotics micro library that runs on .NET Microframework (MF) devices such as the Netduino.</summary>
    <remarks>To be added.</remarks>
  </namespace>
  <namespace ns="Robotics.Mobile.Core.Bluetooth.LE">
    <summary>Cross-platform (iOS and Android currently supported) framework for enumerating, connnecting to, and communicating with Bluetooth Low-Energy (BLE) devices from Xamarin Mobile applications.</summary>
    <remarks>To be added.</remarks>
  </namespace>
  <namespace ns="Robotics.Mobile.Core.Utils">
    <summary>Contains various utility classes used internally to support the Mobile library.</summary>
    <remarks>To be added.</remarks>
  </namespace>
</elements>